"id","name","phone","cellphone","email","rfc","created_at","updated_at"
1,Jeremiah O'Kon,"3821969","3125344971",jeremiah_o_kon@yahoo.com,UNTL680530A8Q,2019-07-30 14:33:42,2019-07-30 14:33:42
2,Kari Gislason,"3561961","3129864775",gislason_kari@gmail.com,ANWB860230Y14,2019-07-30 14:33:42,2019-07-30 14:33:42
3,Particia Weimann,"3997759","3122266156",weimann_particia@gmail.com,GQHH3312313NO,2019-07-30 14:33:42,2019-07-30 14:33:42
4,Fae Moen,"3925725","3126672069",fae.moen@hotmail.com,YEKM190431DJ7,2019-07-30 14:33:42,2019-07-30 14:33:42
5,Son Fritsch,"3512889","3128587895",fritsch.son@yahoo.com,MXOK160227SQ9,2019-07-30 14:33:42,2019-07-30 14:33:42
6,Lewis Rohan,"3781450","3123420345",lewis.rohan@hotmail.com,KMFF1903307J3,2019-07-30 14:33:42,2019-07-30 14:33:42
7,Grayce Deckow,"3170775","3128777853",deckow_grayce@hotmail.com,ECLD70021536Z,2019-07-30 14:33:42,2019-07-30 14:33:42
8,Ms. Mohamed Gorczany,"3359226","3127539007",ms_mohamed_gorczany@yahoo.com,CAVS491130T78,2019-07-30 14:33:42,2019-07-30 14:33:42
9,Krystyna Prohaska III,"3327802","3123580690",iii.krystyna.prohaska@hotmail.com,UZQE110623X4M,2019-07-30 14:33:42,2019-07-30 14:33:42
10,Percy Langworth,"3753998","3124963263",percy.langworth@hotmail.com,MMFM550330MY8,2019-07-30 14:33:42,2019-07-30 14:33:42
11,Savannah Williamson,"3828242","3129000284",williamson.savannah@gmail.com,UBBF8811282A4,2019-07-30 14:33:42,2019-07-30 14:33:42
12,Mr. Harold Funk,"3407049","3129834819",funk.harold.mr@gmail.com,PKWH040230V9R,2019-07-30 14:33:42,2019-07-30 14:33:42
13,Guadalupe Klein,"3466336","3129171555",klein.guadalupe@gmail.com,TKQI280331EBV,2019-07-30 14:33:42,2019-07-30 14:33:42
14,Daren Klein,"3433999","3127254989",klein_daren@yahoo.com,YBOD9711319O7,2019-07-30 14:33:42,2019-07-30 14:33:42
15,Mariam White,"3448987","3122875817",white_mariam@yahoo.com,MPDZ0911061J5,2019-07-30 14:33:42,2019-07-30 14:33:42
16,Wally Kemmer,"3339136","3128996358",kemmer_wally@yahoo.com,UMOA3312316BC,2019-07-30 14:33:42,2019-07-30 14:33:42
17,Ernesto Williamson,"3239817","3127230982",ernesto.williamson@gmail.com,NJPW9610080O4,2019-07-30 14:33:42,2019-07-30 14:33:42
18,Maudie Homenick,"3956191","3129044989",maudie_homenick@gmail.com,DEBY041131VLI,2019-07-30 14:33:42,2019-07-30 14:33:42
19,Donny Lockman,"3970022","3124663945",lockman.donny@hotmail.com,SOSN8511315R7,2019-07-30 14:33:42,2019-07-30 14:33:42
20,Herman Hills,"3749990","3123986124",herman_hills@gmail.com,DTNA831030BCL,2019-07-30 14:33:42,2019-07-30 14:33:42
21,Austin Krajcik,"3242394","3122386979",austin.krajcik@yahoo.com,SPJW921231R79,2019-07-30 14:33:42,2019-07-30 14:33:42
22,Deetta Padberg,"3937668","3128719028",deetta_padberg@yahoo.com,NMRT910430PM3,2019-07-30 14:33:42,2019-07-30 14:33:42
23,Mrs. Zack Brekke,"3962025","3129004585",zack_brekke_mrs@yahoo.com,CAUS2905303P9,2019-07-30 14:33:42,2019-07-30 14:33:42
24,Myung Robel,"3302220","3123027958",myung_robel@yahoo.com,USGF1306194AJ,2019-07-30 14:33:42,2019-07-30 14:33:42
25,Richard Nicolas,"3727611","3129380344",richard_nicolas@hotmail.com,HINS87122217P,2019-07-30 14:33:42,2019-07-30 14:33:42
26,Ike Kling Jr.,"3857577","3129072566",ike.kling.jr@hotmail.com,BKLX521231TF2,2019-07-30 14:33:42,2019-07-30 14:33:42
27,Mr. Edward Kulas,"3126670","3123992832",mr.kulas.edward@hotmail.com,CBOX18093050K,2019-07-30 14:33:42,2019-07-30 14:33:42
28,Bennett Hudson PhD,"3813440","3126959157",bennett_phd_hudson@hotmail.com,TGEF401230G64,2019-07-30 14:33:42,2019-07-30 14:33:42
29,Jacqualine DuBuque,"3499504","3124801534",jacqualine_dubuque@hotmail.com,AAEW99102591O,2019-07-30 14:33:42,2019-07-30 14:33:42
30,Miss Errol Ruecker,"3654898","3123606903",errol.ruecker.miss@hotmail.com,HLKA690115FK0,2019-07-30 14:33:42,2019-07-30 14:33:42
31,Lynwood Frami,"3732937","3122459720",frami_lynwood@yahoo.com,IXXJ930824H2T,2019-07-30 14:33:42,2019-07-30 14:33:42
32,Lewis Gleason,"3391688","3123811049",lewis.gleason@hotmail.com,NFJF451230CS3,2019-07-30 14:33:42,2019-07-30 14:33:42
33,Isaiah Reilly,"3128536","3125254766",reilly_isaiah@hotmail.com,SSAK630731H90,2019-07-30 14:33:42,2019-07-30 14:33:42
34,Eliana Kuhn,"3996888","3126942471",kuhn_eliana@gmail.com,SINO340430K5L,2019-07-30 14:33:42,2019-07-30 14:33:42
35,Josh Breitenberg,"3517352","3127534771",breitenberg.josh@yahoo.com,QLGN8105294K1,2019-07-30 14:33:42,2019-07-30 14:33:42
36,Winfred Weber,"3854477","3124940901",winfred.weber@yahoo.com,TVRU810931MYP,2019-07-30 14:33:42,2019-07-30 14:33:42
37,Bruce Cartwright MD,"3304386","3125209789",cartwright_md_bruce@yahoo.com,HWTD8902302II,2019-07-30 14:33:42,2019-07-30 14:33:42
38,Warner Prohaska,"3842460","3127240782",warner.prohaska@hotmail.com,NAQI821031DNP,2019-07-30 14:33:42,2019-07-30 14:33:42
39,Lucio Hoppe,"3166546","3123426023",lucio.hoppe@gmail.com,LMDO21103106G,2019-07-30 14:33:42,2019-07-30 14:33:42
40,Jesusita Brown Sr.,"3829469","3125594285",sr.brown.jesusita@yahoo.com,ZHLV180930423,2019-07-30 14:33:42,2019-07-30 14:33:42
41,Chung Murray,"3641259","3123219462",chung_murray@hotmail.com,LDSS441104J9H,2019-07-30 14:33:42,2019-07-30 14:33:42
42,Kendrick Hills,"3637326","3127259328",kendrick_hills@hotmail.com,QHTN37110762P,2019-07-30 14:33:42,2019-07-30 14:33:42
43,Ayana Goyette,"3597864","3126764364",goyette_ayana@gmail.com,ASON2612236KY,2019-07-30 14:33:42,2019-07-30 14:33:42
44,Mr. Sam Beatty,"3390594","3129473558",sam.mr.beatty@yahoo.com,VTHG280120N21,2019-07-30 14:33:42,2019-07-30 14:33:42
45,Joann Batz,"3816468","3127456662",batz.joann@yahoo.com,BQTW9706070DH,2019-07-30 14:33:42,2019-07-30 14:33:42
46,Norma Terry,"3384508","3124554437",norma_terry@yahoo.com,KEUX0112284N8,2019-07-30 14:33:42,2019-07-30 14:33:42
47,Cornelius Dach,"3273252","3124501890",cornelius.dach@yahoo.com,COWF900130I20,2019-07-30 14:33:42,2019-07-30 14:33:42
48,Mr. Elijah Boehm,"3281757","3128707707",elijah_boehm_mr@hotmail.com,TNVI251031TWC,2019-07-30 14:33:42,2019-07-30 14:33:42
49,Dorian Torp I,"3308439","3123034037",i_torp_dorian@yahoo.com,KWAD301031YW0,2019-07-30 14:33:42,2019-07-30 14:33:42
50,Carmen Hansen I,"3137058","3122770688",i.carmen.hansen@hotmail.com,QKPJ78082640S,2019-07-30 14:33:42,2019-07-30 14:33:42
51,Mr. Chris Grady,"3427952","3125214026",chris_mr_grady@gmail.com,UKZS440318L02,2019-07-30 14:33:42,2019-07-30 14:33:42
52,Dr. Ike Swaniawski,"3388253","3126814030",ike_swaniawski_dr@gmail.com,QKKT7504316QV,2019-07-30 14:33:42,2019-07-30 14:33:42
53,Mr. Hobert Waelchi,"3178407","3121411215",mr_hobert_waelchi@hotmail.com,OYQW96071596I,2019-07-30 14:33:42,2019-07-30 14:33:42
54,Ms. Angel Wyman,"3508045","3121623898",wyman_ms_angel@hotmail.com,XKPL170331826,2019-07-30 14:33:42,2019-07-30 14:33:42
55,Sean Grimes,"3808359","3129512410",grimes_sean@gmail.com,FSQR62113130O,2019-07-30 14:33:42,2019-07-30 14:33:42
56,Kandis Harris,"3483559","3124339028",kandis.harris@hotmail.com,VPCF640625O13,2019-07-30 14:33:42,2019-07-30 14:33:42
57,Mrs. Florentino Greenfelder,"3155588","3121701808",florentino.mrs.greenfelder@yahoo.com,DVAM430417Y83,2019-07-30 14:33:42,2019-07-30 14:33:42
58,Despina Schiller,"3106206","3128452718",despina_schiller@yahoo.com,JBCC750931118,2019-07-30 14:33:42,2019-07-30 14:33:42
59,Ms. Johnathon Graham,"3557511","3128623224",graham.johnathon.ms@yahoo.com,KWDO431130U64,2019-07-30 14:33:42,2019-07-30 14:33:42
60,Milton Rogahn,"3382525","3123440421",milton.rogahn@gmail.com,XVIA711230Q5F,2019-07-30 14:33:42,2019-07-30 14:33:42
61,Grazyna Fahey,"3665103","3121706198",grazyna.fahey@yahoo.com,KEKI321030195,2019-07-30 14:33:42,2019-07-30 14:33:42
62,Mrs. Shaquana Bruen,"3557653","3122671676",bruen_shaquana_mrs@yahoo.com,BQWO9812080I7,2019-07-30 14:33:42,2019-07-30 14:33:42
63,Jermaine Gerhold,"3733356","3127459828",jermaine.gerhold@yahoo.com,APMF470131GB9,2019-07-30 14:33:42,2019-07-30 14:33:42
64,Hilaria Prohaska,"3314906","3122133162",hilaria.prohaska@hotmail.com,CPEK211031745,2019-07-30 14:33:42,2019-07-30 14:33:42
65,Kina Runolfsson,"3194559","3128575284",kina.runolfsson@yahoo.com,ZEBU36043063V,2019-07-30 14:33:42,2019-07-30 14:33:42
66,Aide Turner Jr.,"3398451","3127282863",jr_turner_aide@yahoo.com,UELC9106094GH,2019-07-30 14:33:42,2019-07-30 14:33:42
67,Dr. Cedrick Greenholt,"3441957","3126547896",dr_greenholt_cedrick@yahoo.com,FFEN160431U45,2019-07-30 14:33:42,2019-07-30 14:33:42
68,Ambrose Kub,"3210480","3128187163",ambrose_kub@hotmail.com,GVSY4603319X1,2019-07-30 14:33:42,2019-07-30 14:33:42
69,Pa Wolff DDS,"3567867","3122285803",dds.wolff.pa@yahoo.com,KHHA5006091F2,2019-07-30 14:33:42,2019-07-30 14:33:42
70,Wen Ruecker,"3955194","3122660812",ruecker_wen@hotmail.com,FCLQ2812161N2,2019-07-30 14:33:42,2019-07-30 14:33:42
71,Earle Brown,"3854584","3122828735",earle.brown@hotmail.com,RYEP7310314A2,2019-07-30 14:33:42,2019-07-30 14:33:42
72,Carylon Tremblay,"3471748","3122729553",carylon_tremblay@hotmail.com,NKSS970430PZP,2019-07-30 14:33:42,2019-07-30 14:33:42
73,Marcelino Pfannerstill,"3621252","3124242322",pfannerstill.marcelino@yahoo.com,FOPS831030F3K,2019-07-30 14:33:42,2019-07-30 14:33:42
74,Heriberto Kohler,"3111359","3129927180",kohler_heriberto@gmail.com,QCNU880930GD7,2019-07-30 14:33:42,2019-07-30 14:33:42
75,Carl Dietrich,"3716497","3123719609",carl.dietrich@hotmail.com,ORSS38013147Y,2019-07-30 14:33:42,2019-07-30 14:33:42
76,Dr. Clement Dickens,"3688155","3127956547",clement_dickens_dr@gmail.com,GEAN021130N7J,2019-07-30 14:33:42,2019-07-30 14:33:42
77,Larita Quigley,"3254373","3121003704",quigley.larita@yahoo.com,IYYP560331J3P,2019-07-30 14:33:42,2019-07-30 14:33:42
78,Librada Leuschke,"3834758","3121720306",leuschke_librada@yahoo.com,OQXF4608315MB,2019-07-30 14:33:42,2019-07-30 14:33:42
79,Marcella Batz,"3652882","3126716458",marcella_batz@gmail.com,AKWV7703306K1,2019-07-30 14:33:42,2019-07-30 14:33:42
80,Wilhelmina Schoen,"3187140","3128769735",schoen_wilhelmina@gmail.com,RYHP861231D9A,2019-07-30 14:33:42,2019-07-30 14:33:42
81,Joanie Russel,"3215633","3122256406",russel_joanie@gmail.com,KKCQ101030KD1,2019-07-30 14:33:42,2019-07-30 14:33:42
82,Blythe Rau,"3440623","3124836814",rau.blythe@gmail.com,ABZP8410310JF,2019-07-30 14:33:42,2019-07-30 14:33:42
83,Mrs. Norberto Grant,"3958958","3122306138",mrs.norberto.grant@gmail.com,RJTT06091020V,2019-07-30 14:33:42,2019-07-30 14:33:42
84,Delcie Macejkovic,"3435621","3126884974",macejkovic_delcie@hotmail.com,LCLY6205307KZ,2019-07-30 14:33:42,2019-07-30 14:33:42
85,Steve Wisozk,"3651990","3127275158",wisozk.steve@hotmail.com,BNWS881131154,2019-07-30 14:33:42,2019-07-30 14:33:42
86,Renate Weissnat II,"3747183","3128604769",ii_weissnat_renate@yahoo.com,GLUT030931D29,2019-07-30 14:33:42,2019-07-30 14:33:42
87,Laurel Prohaska,"3147076","3122634893",prohaska.laurel@hotmail.com,MQGT360831842,2019-07-30 14:33:42,2019-07-30 14:33:42
88,Larry Dickens,"3339623","3127157860",larry_dickens@hotmail.com,YUWI2410305Q1,2019-07-30 14:33:42,2019-07-30 14:33:42
89,Aaron Hessel,"3531852","3128463019",aaron.hessel@gmail.com,GHXZ9201174T3,2019-07-30 14:33:42,2019-07-30 14:33:42
90,Melissa Shanahan,"3654456","3123051005",shanahan.melissa@hotmail.com,APEI03112164O,2019-07-30 14:33:42,2019-07-30 14:33:42
91,Gordon Schimmel,"3997582","3126114317",gordon_schimmel@gmail.com,AGCQ1110141H3,2019-07-30 14:33:42,2019-07-30 14:33:42
92,Jazmine Osinski,"3582262","3126914758",osinski_jazmine@yahoo.com,LTOL381131053,2019-07-30 14:33:42,2019-07-30 14:33:42
93,Cherlyn Kirlin II,"3124594","3127975978",ii_kirlin_cherlyn@gmail.com,RIJC6711233Q7,2019-07-30 14:33:42,2019-07-30 14:33:42
94,Julius Zemlak PhD,"3957738","3128397815",julius_phd_zemlak@gmail.com,FJID061130P67,2019-07-30 14:33:42,2019-07-30 14:33:42
95,Carmel Blick I,"3440881","3121173177",carmel.i.blick@gmail.com,BXAJ730117CN2,2019-07-30 14:33:42,2019-07-30 14:33:42
96,Sal Smitham,"3976840","3124020758",smitham_sal@gmail.com,BMXW9907309Q2,2019-07-30 14:33:42,2019-07-30 14:33:42
97,Eula Gleason,"3183059","3128163570",gleason_eula@hotmail.com,TMJA141015CQ0,2019-07-30 14:33:42,2019-07-30 14:33:42
98,Keven Altenwerth Jr.,"3485738","3126521020",jr_keven_altenwerth@yahoo.com,MMRR301014W7H,2019-07-30 14:33:42,2019-07-30 14:33:42
99,Dr. Devon Lesch,"3135904","3129201070",lesch_devon_dr@hotmail.com,TXYG1103293CL,2019-07-30 14:33:42,2019-07-30 14:33:42
100,Albertina Ullrich,"3343800","3121017249",albertina.ullrich@hotmail.com,JTYU8805311Q0,2019-07-30 14:33:42,2019-07-30 14:33:42
101,Derrick Bergstrom,"3288253","3122959075",derrick.bergstrom@gmail.com,WOEC261207R06,2019-07-30 14:33:42,2019-07-30 14:33:42
102,Monnie Schinner,"3369919","3121158813",schinner_monnie@gmail.com,UOQJ101131KB8,2019-07-30 14:33:42,2019-07-30 14:33:42
103,Mr. Vincenza Jaskolski,"3148074","3122863797",jaskolski_vincenza_mr@hotmail.com,UFDF770202NPE,2019-07-30 14:33:42,2019-07-30 14:33:42
104,Myrtie Hills DDS,"3142119","3121508619",hills_myrtie_dds@gmail.com,WKME6812238M2,2019-07-30 14:33:42,2019-07-30 14:33:42
105,Maxine Doyle,"3868399","3128084177",maxine.doyle@yahoo.com,ZXPJ091009B9X,2019-07-30 14:33:42,2019-07-30 14:33:42
106,Aron Ankunding,"3236617","3124455183",ankunding.aron@gmail.com,WMCZ7708304WV,2019-07-30 14:33:42,2019-07-30 14:33:42
107,Augustina Krajcik,"3309225","3127132994",augustina.krajcik@yahoo.com,TBUM931131CN0,2019-07-30 14:33:42,2019-07-30 14:33:42
108,Maricela Will,"3226445","3123482353",maricela_will@gmail.com,HPTM111210L76,2019-07-30 14:33:42,2019-07-30 14:33:42
109,Diane Huels,"3837575","3128561066",huels_diane@gmail.com,VDXO97111140E,2019-07-30 14:33:42,2019-07-30 14:33:42
110,Lyda Heathcote,"3390890","3129412429",heathcote_lyda@gmail.com,KEVN2311302C2,2019-07-30 14:33:42,2019-07-30 14:33:42
111,Mr. Gretchen Braun,"3432178","3124001535",mr.gretchen.braun@gmail.com,OIVG311131AO6,2019-07-30 14:33:42,2019-07-30 14:33:42
112,Roxanna McClure,"3688272","3129348129",roxanna.mcclure@yahoo.com,DRMI34123178G,2019-07-30 14:33:42,2019-07-30 14:33:42
113,Miss Eddy Ryan,"3899094","3129210578",miss.eddy.ryan@hotmail.com,BYQB890530GZE,2019-07-30 14:33:42,2019-07-30 14:33:42
114,Blaine Thiel,"3947543","3125249970",blaine_thiel@yahoo.com,DLOT9012314UF,2019-07-30 14:33:42,2019-07-30 14:33:42
115,Brittanie Durgan MD,"3385488","3126232621",durgan.md.brittanie@hotmail.com,CWRM9204123Z1,2019-07-30 14:33:42,2019-07-30 14:33:42
116,Tanner Lindgren,"3569054","3121251343",lindgren_tanner@gmail.com,DQZN1212226NP,2019-07-30 14:33:42,2019-07-30 14:33:42
117,Dr. Rogelio Watsica,"3357832","3124414775",rogelio.watsica.dr@yahoo.com,EUTU14113195S,2019-07-30 14:33:42,2019-07-30 14:33:42
118,Karleen Feest,"3524915","3126000100",karleen_feest@yahoo.com,AVFD2111207VT,2019-07-30 14:33:42,2019-07-30 14:33:42
119,Karl McGlynn,"3979903","3126975774",karl.mcglynn@yahoo.com,FRWX9311020H4,2019-07-30 14:33:42,2019-07-30 14:33:42
120,Dr. Heather Heller,"3666461","3124115590",dr_heller_heather@hotmail.com,PBDV980830DG7,2019-07-30 14:33:42,2019-07-30 14:33:42
121,Amber Streich II,"3785793","3126435784",streich.ii.amber@yahoo.com,FBVM830531ZW8,2019-07-30 14:33:42,2019-07-30 14:33:42
122,Dr. Ada Ritchie,"3710133","3128254843",dr.ritchie.ada@gmail.com,UAIX9101308L9,2019-07-30 14:33:42,2019-07-30 14:33:42
123,Altagracia Ratke,"3285070","3123974444",altagracia_ratke@hotmail.com,WEJJ301028FQE,2019-07-30 14:33:42,2019-07-30 14:33:42
124,Nicolas Hudson,"3611563","3128732229",nicolas_hudson@gmail.com,YXGW351031382,2019-07-30 14:33:42,2019-07-30 14:33:42
125,Nia Herman,"3856142","3128966190",nia.herman@hotmail.com,PLOW8101302Y8,2019-07-30 14:33:42,2019-07-30 14:33:42
126,Randa Cremin,"3262751","3124859525",randa_cremin@yahoo.com,XFPV681230188,2019-07-30 14:33:42,2019-07-30 14:33:42
127,Darwin Jones,"3258190","3128020345",darwin.jones@gmail.com,JOCT691130QVG,2019-07-30 14:33:42,2019-07-30 14:33:42
128,Ms. Karri Weissnat,"3271037","3128293510",ms_karri_weissnat@gmail.com,AVNW151226SPK,2019-07-30 14:33:42,2019-07-30 14:33:42
129,Cassaundra Wehner,"3575022","3123433812",cassaundra.wehner@hotmail.com,MHVV381030163,2019-07-30 14:33:42,2019-07-30 14:33:42
130,Adella Thompson,"3459389","3123540180",adella_thompson@hotmail.com,XRGD300931032,2019-07-30 14:33:42,2019-07-30 14:33:42
131,Cornell Jacobs,"3988636","3127874139",jacobs.cornell@gmail.com,QOZE82103126V,2019-07-30 14:33:42,2019-07-30 14:33:42
132,Carolina Fadel V,"3205183","3127363357",v_fadel_carolina@gmail.com,KWOZ2312094A0,2019-07-30 14:33:42,2019-07-30 14:33:42
133,Val Kirlin,"3306548","3121309294",val_kirlin@yahoo.com,JWKC810531A2U,2019-07-30 14:33:42,2019-07-30 14:33:42
134,Brigitte Labadie,"3529137","3125699260",labadie_brigitte@hotmail.com,TYJZ3704306XS,2019-07-30 14:33:42,2019-07-30 14:33:42
135,Mr. Tatiana Sporer,"3195193","3127374960",sporer_mr_tatiana@gmail.com,WWTP9601310N1,2019-07-30 14:33:42,2019-07-30 14:33:42
136,Rhea Haag II,"3597814","3126750135",haag.rhea.ii@yahoo.com,VIMY791231B41,2019-07-30 14:33:42,2019-07-30 14:33:42
137,Malia Frami,"3308519","3127648577",malia.frami@gmail.com,KDYG950731FE1,2019-07-30 14:33:42,2019-07-30 14:33:42
138,Mr. Chelsea Ondricka,"3724703","3121969215",chelsea_ondricka_mr@hotmail.com,KJTD2402314IW,2019-07-30 14:33:42,2019-07-30 14:33:42
139,Fernando Hammes,"3156297","3127186133",fernando_hammes@yahoo.com,HAYY6811114MG,2019-07-30 14:33:42,2019-07-30 14:33:42
140,Mr. Tommye Kunze,"3105982","3121280092",tommye_mr_kunze@yahoo.com,DHUD220331L8L,2019-07-30 14:33:42,2019-07-30 14:33:42
141,Karly Corkery,"3617013","3128892882",karly.corkery@yahoo.com,OQFG17123058T,2019-07-30 14:33:42,2019-07-30 14:33:42
142,Tien Littel,"3628952","3121937242",littel_tien@hotmail.com,DFYL120705J7N,2019-07-30 14:33:42,2019-07-30 14:33:42
143,Justin Kozey,"3413716","3123059898",kozey_justin@gmail.com,QVSZ610730M03,2019-07-30 14:33:42,2019-07-30 14:33:42
144,Raymundo Murray,"3965352","3123537217",raymundo.murray@gmail.com,KCOP57110856B,2019-07-30 14:33:42,2019-07-30 14:33:42
145,Rasheeda Bednar PhD,"3821344","3123405944",bednar.phd.rasheeda@gmail.com,DYCI491225PTM,2019-07-30 14:33:42,2019-07-30 14:33:42
146,Duncan McClure,"3551413","3123794855",mcclure.duncan@hotmail.com,AFHJ220931L25,2019-07-30 14:33:42,2019-07-30 14:33:42
147,Marcel Miller,"3347097","3129561955",marcel.miller@gmail.com,ATZB5811304KN,2019-07-30 14:33:42,2019-07-30 14:33:42
148,Soon Murphy,"3801062","3124775726",murphy.soon@gmail.com,HJDN680130KV5,2019-07-30 14:33:42,2019-07-30 14:33:42
149,Ms. Lupe Senger,"3331499","3128823291",ms.senger.lupe@hotmail.com,NKOX980731Z04,2019-07-30 14:33:42,2019-07-30 14:33:42
150,Marica Kling,"3345492","3124899918",marica.kling@hotmail.com,RIBW161114FMU,2019-07-30 14:33:42,2019-07-30 14:33:42
151,Kam Zulauf PhD,"3929499","3129559319",kam_zulauf_phd@hotmail.com,ZEZW380330L39,2019-07-30 14:33:42,2019-07-30 14:33:42
152,Mrs. Gabriele Bogan,"3698187","3121862216",mrs.gabriele.bogan@hotmail.com,RIOY010519230,2019-07-30 14:33:42,2019-07-30 14:33:42
153,Farrah Gislason PhD,"3821000","3129006517",phd.gislason.farrah@yahoo.com,MAND801129240,2019-07-30 14:33:42,2019-07-30 14:33:42
154,Willy Hickle,"3127578","3129576546",hickle_willy@yahoo.com,TZJZ5912301Z0,2019-07-30 14:33:42,2019-07-30 14:33:42
155,Ivy Hermiston V,"3557199","3121395240",v.hermiston.ivy@gmail.com,RAZP7211314PW,2019-07-30 14:33:42,2019-07-30 14:33:42
156,Francis Howe,"3432092","3123443629",francis_howe@yahoo.com,IBDN581131JAP,2019-07-30 14:33:42,2019-07-30 14:33:42
157,Dr. Alfreda Kshlerin,"3791958","3126029673",dr_kshlerin_alfreda@hotmail.com,PTGF321131RSV,2019-07-30 14:33:42,2019-07-30 14:33:42
158,Debora Lockman,"3445656","3127108218",debora.lockman@gmail.com,ALNS34113063M,2019-07-30 14:33:42,2019-07-30 14:33:42
159,Carita Hane,"3908283","3129202233",carita.hane@yahoo.com,NOWZ160928923,2019-07-30 14:33:42,2019-07-30 14:33:42
160,Kerrie Koepp,"3761712","3124233916",koepp.kerrie@yahoo.com,RFQO670830G99,2019-07-30 14:33:42,2019-07-30 14:33:42
161,Miss Shawana Reichert,"3458910","3128294842",reichert_miss_shawana@gmail.com,CZCO281206EGY,2019-07-30 14:33:42,2019-07-30 14:33:42
162,Patrick Rosenbaum,"3805983","3125313578",rosenbaum.patrick@hotmail.com,RYEN790430U70,2019-07-30 14:33:42,2019-07-30 14:33:42
163,Arnulfo Cummings,"3684895","3128907470",arnulfo_cummings@hotmail.com,OZIP08073062W,2019-07-30 14:33:42,2019-07-30 14:33:42
164,Harland Okuneva,"3321286","3126237006",harland_okuneva@gmail.com,HDJL361130D10,2019-07-30 14:33:42,2019-07-30 14:33:42
165,Bernard Treutel,"3525221","3127492423",bernard_treutel@gmail.com,AFTB741131HZ9,2019-07-30 14:33:42,2019-07-30 14:33:42
166,Buster Crooks,"3712668","3125709659",buster.crooks@yahoo.com,MELW351100S74,2019-07-30 14:33:42,2019-07-30 14:33:42
167,Odis Funk,"3248925","3125082389",funk_odis@hotmail.com,IVOP571030I0F,2019-07-30 14:33:42,2019-07-30 14:33:42
168,Federico Casper,"3507662","3126258770",casper_federico@gmail.com,QHYY3504313BG,2019-07-30 14:33:42,2019-07-30 14:33:42
169,Petrina Simonis,"3204439","3121038602",simonis_petrina@gmail.com,OITI791030VKO,2019-07-30 14:33:42,2019-07-30 14:33:42
170,Dena Bergnaum,"3273637","3126160295",bergnaum.dena@yahoo.com,OKMJ89123058P,2019-07-30 14:33:42,2019-07-30 14:33:42
171,Lacy Luettgen,"3524369","3122190377",luettgen_lacy@yahoo.com,WAFI141231A0H,2019-07-30 14:33:42,2019-07-30 14:33:42
172,Ms. Emmitt Bergstrom,"3528713","3124872036",ms_bergstrom_emmitt@yahoo.com,NQOM320731MZZ,2019-07-30 14:33:42,2019-07-30 14:33:42
173,Mr. Houston DuBuque,"3330487","3129390492",dubuque_houston_mr@gmail.com,RRGH2211307VL,2019-07-30 14:33:42,2019-07-30 14:33:42
174,Ashanti D'Amore,"3509409","3123728885",ashanti.d.amore@hotmail.com,MFPO031131G20,2019-07-30 14:33:42,2019-07-30 14:33:42
175,Heath Huel DDS,"3972103","3126267926",dds_heath_huel@hotmail.com,SQHC950909YU8,2019-07-30 14:33:42,2019-07-30 14:33:42
176,Hans Jerde,"3125447","3123698233",jerde.hans@gmail.com,ICMA371030379,2019-07-30 14:33:42,2019-07-30 14:33:42
177,Fred Morissette,"3367302","3123197504",morissette_fred@yahoo.com,RBVE200430M0T,2019-07-30 14:33:42,2019-07-30 14:33:42
178,Solomon Hessel,"3868634","3121895335",hessel.solomon@gmail.com,RGFW62113074V,2019-07-30 14:33:42,2019-07-30 14:33:42
179,Mac Douglas,"3958833","3125794982",mac_douglas@yahoo.com,FEOS0207288FQ,2019-07-30 14:33:42,2019-07-30 14:33:42
180,Debi Boyle,"3367401","3122048457",debi.boyle@gmail.com,FKTQ14091449T,2019-07-30 14:33:42,2019-07-30 14:33:42
181,Margart Conn V,"3700179","3128716382",v_conn_margart@hotmail.com,OZYA3702305GN,2019-07-30 14:33:42,2019-07-30 14:33:42
182,Elisha Gislason,"3641259","3127200712",gislason_elisha@gmail.com,UMYU051230Y1M,2019-07-30 14:33:42,2019-07-30 14:33:42
183,Jaime Schumm,"3130594","3123064586",schumm.jaime@hotmail.com,VNOV4912305M3,2019-07-30 14:33:42,2019-07-30 14:33:42
184,Willian Batz,"3762073","3126744734",batz.willian@gmail.com,EDAI970730H18,2019-07-30 14:33:42,2019-07-30 14:33:42
185,Frances Jenkins,"3502024","3125418327",frances.jenkins@yahoo.com,BSSU301131433,2019-07-30 14:33:42,2019-07-30 14:33:42
186,Andre Wilkinson,"3129157","3122073365",andre_wilkinson@gmail.com,VBRW0901309FL,2019-07-30 14:33:42,2019-07-30 14:33:42
187,Mr. Sterling Morar,"3477659","3122748214",sterling.morar.mr@gmail.com,WHHE051130RZS,2019-07-30 14:33:42,2019-07-30 14:33:42
188,Ying Feeney,"3807023","3125007423",feeney_ying@gmail.com,HDLQ650131KHO,2019-07-30 14:33:42,2019-07-30 14:33:42
189,Arcelia Kiehn Sr.,"3771447","3124271651",kiehn_sr_arcelia@gmail.com,SRIS46013100U,2019-07-30 14:33:42,2019-07-30 14:33:42
190,Rodney Nader,"3425980","3123472705",rodney_nader@hotmail.com,WDRX391131E4T,2019-07-30 14:33:42,2019-07-30 14:33:42
191,Estella Hermann,"3130966","3121515774",estella_hermann@gmail.com,RKSA5112303N1,2019-07-30 14:33:42,2019-07-30 14:33:42
192,Wilbur Ferry,"3620198","3121230863",wilbur_ferry@hotmail.com,OXRO9812236JR,2019-07-30 14:33:42,2019-07-30 14:33:42
193,Mrs. Eulalia Bins,"3817437","3124507601",bins_mrs_eulalia@gmail.com,FQHU581231V3S,2019-07-30 14:33:42,2019-07-30 14:33:42
194,Gilberte Adams,"3820423","3122133901",adams.gilberte@hotmail.com,CSOS120831YCW,2019-07-30 14:33:42,2019-07-30 14:33:42
195,Doretta Cole,"3547609","3125477915",doretta_cole@hotmail.com,LAOQ4611306J8,2019-07-30 14:33:42,2019-07-30 14:33:42
196,Catrice Nitzsche,"3307576","3123171024",nitzsche.catrice@gmail.com,ATXY34013155F,2019-07-30 14:33:42,2019-07-30 14:33:42
197,Yan Ferry II,"3146003","3123186774",ii.yan.ferry@gmail.com,UYDU650331SZ3,2019-07-30 14:33:42,2019-07-30 14:33:42
198,Season Dickinson,"3463729","3124221016",season_dickinson@gmail.com,VFAF480230GMZ,2019-07-30 14:33:42,2019-07-30 14:33:42
199,Julee Bogan,"3382597","3121530607",julee_bogan@hotmail.com,RPRC341231Z6X,2019-07-30 14:33:42,2019-07-30 14:33:42
200,Vada Smitham,"3590329","3122591253",smitham.vada@gmail.com,FULF88083031W,2019-07-30 14:33:42,2019-07-30 14:33:42
201,Miss Echo Lakin,"3459102","3123755435",lakin.echo.miss@hotmail.com,ECUW65100515Z,2019-07-30 14:33:42,2019-07-30 14:33:42
202,Kena Waters,"3484845","3129970494",kena.waters@hotmail.com,CFDX42061443Z,2019-07-30 14:33:42,2019-07-30 14:33:42
203,Sarah Kutch,"3731303","3126497802",sarah.kutch@gmail.com,NRJP6306183H0,2019-07-30 14:33:42,2019-07-30 14:33:42
204,Andreas Hintz,"3620590","3127746415",andreas.hintz@gmail.com,KTZU030431867,2019-07-30 14:33:42,2019-07-30 14:33:42
205,Garrett Block,"3415001","3122776584",garrett.block@yahoo.com,FVHG551231U8F,2019-07-30 14:33:42,2019-07-30 14:33:42
206,Scott Dicki,"3191317","3126127545",scott_dicki@yahoo.com,OYRI1305306H1,2019-07-30 14:33:42,2019-07-30 14:33:42
207,Veda McKenzie,"3482890","3124142682",veda.mckenzie@hotmail.com,BCFG550531T9X,2019-07-30 14:33:42,2019-07-30 14:33:42
208,Hayden Howell,"3177206","3121552584",howell.hayden@gmail.com,IGPM60103009R,2019-07-30 14:33:42,2019-07-30 14:33:42
209,Mrs. Corrine Mertz,"3164344","3129025441",mrs.mertz.corrine@hotmail.com,LDLP610330QE6,2019-07-30 14:33:42,2019-07-30 14:33:42
210,Ms. Elijah Padberg,"3451060","3128144046",ms_elijah_padberg@gmail.com,XSET050213U52,2019-07-30 14:33:42,2019-07-30 14:33:42
211,Anamaria Berge,"3660666","3123245681",anamaria_berge@hotmail.com,YPER231031A10,2019-07-30 14:33:42,2019-07-30 14:33:42
212,Aretha Bartoletti PhD,"3706133","3126068477",bartoletti.aretha.phd@hotmail.com,NWPN90123026N,2019-07-30 14:33:42,2019-07-30 14:33:42
213,Andrew Spinka,"3802561","3128997059",andrew.spinka@yahoo.com,DWXF61072732N,2019-07-30 14:33:42,2019-07-30 14:33:42
214,Broderick Armstrong Sr.,"3822417","3128282309",sr_broderick_armstrong@hotmail.com,DRES420730362,2019-07-30 14:33:42,2019-07-30 14:33:42
215,Rudy Kling,"3337386","3122408168",kling_rudy@yahoo.com,MDVC2311308Q8,2019-07-30 14:33:42,2019-07-30 14:33:42
216,Garnet Hauck,"3199920","3126356956",hauck_garnet@hotmail.com,MVMM361225855,2019-07-30 14:33:42,2019-07-30 14:33:42
217,Verda Schneider,"3228588","3122851001",verda.schneider@yahoo.com,QUNU4708317KH,2019-07-30 14:33:42,2019-07-30 14:33:42
218,Ms. Lynne Pfeffer,"3609775","3129092042",lynne_ms_pfeffer@yahoo.com,UCPX561031KQD,2019-07-30 14:33:42,2019-07-30 14:33:42
219,Ms. Lauren Heaney,"3980104","3126905038",lauren.heaney.ms@gmail.com,HJFD700717768,2019-07-30 14:33:42,2019-07-30 14:33:42
220,Ashley Herman I,"3799487","3129969189",ashley_herman_i@hotmail.com,JAOL0404316J9,2019-07-30 14:33:42,2019-07-30 14:33:42
221,Jonathon Russel DVM,"3662543","3129734779",dvm_russel_jonathon@gmail.com,UJXI741231VNU,2019-07-30 14:33:42,2019-07-30 14:33:42
222,Elizebeth Lueilwitz,"3866540","3123512586",elizebeth.lueilwitz@gmail.com,LKJB2009122TW,2019-07-30 14:33:42,2019-07-30 14:33:42
223,Paris Borer,"3932871","3122477282",paris_borer@gmail.com,ZHHH58073145A,2019-07-30 14:33:42,2019-07-30 14:33:42
224,Tomas Schulist,"3695033","3126866612",tomas.schulist@hotmail.com,GJPD3204301Q9,2019-07-30 14:33:42,2019-07-30 14:33:42
225,Leslie Crona,"3919425","3123307102",crona_leslie@hotmail.com,QBKZ971131290,2019-07-30 14:33:42,2019-07-30 14:33:42
226,Merlyn Thiel,"3955234","3123464733",merlyn_thiel@yahoo.com,ZEQL030703927,2019-07-30 14:33:42,2019-07-30 14:33:42
227,Garth Champlin,"3177259","3125344975",garth_champlin@gmail.com,PERB8707302DF,2019-07-30 14:33:42,2019-07-30 14:33:42
228,Cecil Carroll,"3145464","3125490094",carroll.cecil@hotmail.com,ZCIN32110405K,2019-07-30 14:33:42,2019-07-30 14:33:42
229,Delcie Stanton,"3668477","3125676493",delcie.stanton@gmail.com,SGQS521010V64,2019-07-30 14:33:42,2019-07-30 14:33:42
230,Mellissa Kunze,"3617694","3126232258",kunze.mellissa@yahoo.com,OKZR42023198C,2019-07-30 14:33:42,2019-07-30 14:33:42
231,Alva Johnson,"3444559","3126412597",alva.johnson@hotmail.com,RIRY631130QZA,2019-07-30 14:33:42,2019-07-30 14:33:42
232,Cherrie Gutkowski,"3570374","3127396014",gutkowski.cherrie@gmail.com,QAHV791031I09,2019-07-30 14:33:42,2019-07-30 14:33:42
233,Elden Streich,"3117080","3126298258",elden.streich@hotmail.com,PFKT4903118HH,2019-07-30 14:33:42,2019-07-30 14:33:42
234,Tyson Pollich,"3690595","3127628989",pollich.tyson@hotmail.com,STNC3712312AH,2019-07-30 14:33:42,2019-07-30 14:33:42
235,Eusebio Kling,"3577804","3128938012",kling_eusebio@yahoo.com,CZXD821131012,2019-07-30 14:33:42,2019-07-30 14:33:42
236,Milo Koelpin,"3203073","3124225010",milo.koelpin@yahoo.com,YSSQ3403309C0,2019-07-30 14:33:42,2019-07-30 14:33:42
237,Mrs. Synthia Fadel,"3157326","3125190953",fadel_synthia_mrs@yahoo.com,IEYR3705305H6,2019-07-30 14:33:42,2019-07-30 14:33:42
238,Shantel Hahn,"3152281","3128417184",shantel_hahn@gmail.com,PWGM1702308D9,2019-07-30 14:33:42,2019-07-30 14:33:42
239,Benny Gerlach,"3856569","3122535915",gerlach_benny@hotmail.com,FRPM2501301X9,2019-07-30 14:33:42,2019-07-30 14:33:42
240,Dwight Jones,"3576289","3126777766",dwight_jones@gmail.com,LAIJ951210ZWG,2019-07-30 14:33:42,2019-07-30 14:33:42
241,Doretha Vandervort,"3320257","3127967657",doretha_vandervort@gmail.com,JPIK5305111A2,2019-07-30 14:33:42,2019-07-30 14:33:42
242,Altha Sauer DDS,"3529522","3128653975",sauer_dds_altha@yahoo.com,ZKTX35042363L,2019-07-30 14:33:42,2019-07-30 14:33:42
243,Ms. Kathern Kreiger,"3967742","3123631785",kreiger.ms.kathern@gmail.com,UXMU971117BS3,2019-07-30 14:33:42,2019-07-30 14:33:42
244,Raphael Hauck,"3304740","3121129362",raphael.hauck@gmail.com,CAHO160121A4E,2019-07-30 14:33:42,2019-07-30 14:33:42
245,Leland Mosciski,"3959739","3122380256",mosciski.leland@hotmail.com,ROMZ291231J45,2019-07-30 14:33:42,2019-07-30 14:33:42
246,Michel Kutch,"3367485","3126448314",michel_kutch@yahoo.com,MGAA341031115,2019-07-30 14:33:42,2019-07-30 14:33:42
247,Jan Altenwerth,"3819595","3126683445",altenwerth_jan@hotmail.com,BRNR9207301M3,2019-07-30 14:33:42,2019-07-30 14:33:42
248,Melvin Lind,"3283618","3122274923",lind.melvin@hotmail.com,FYWK650324869,2019-07-30 14:33:42,2019-07-30 14:33:42
249,Joan Heidenreich,"3353999","3123971667",heidenreich_joan@yahoo.com,IBRD550131Y35,2019-07-30 14:33:42,2019-07-30 14:33:42
250,Serita Nitzsche IV,"3783407","3121776988",nitzsche.serita.iv@gmail.com,BRZL1212310J5,2019-07-30 14:33:42,2019-07-30 14:33:42
251,Dolorem labore cum. Odit ea quis. Rerum non consequunt.,"3866250","3126438398",blair.hahn@gmail.com,PYRL970324B94,2019-07-30 14:33:54,2019-07-30 14:33:54
252,Ea exercitationem minus. Reiciendis porro rerum. Unde .,"3115167","3127255868",basil@yahoo.com,PSGM51110120A,2019-07-30 14:33:54,2019-07-30 14:33:54
253,Enim sit dolor. Exercitationem molestias qui. Incidunt.,"3613186","3128976233",viva.zemlak@gmail.com,HBMQ6402307D2,2019-07-30 14:33:54,2019-07-30 14:33:54
254,Est eos ut. Harum ratione nulla. Placeat odit voluptas.,"3204499","3128316180",monte@hotmail.com,WJGJ5010307C5,2019-07-30 14:33:54,2019-07-30 14:33:54
255,Est enim repudiandae. Vero nam unde. Rerum optio aut. .,"3599291","3127896968",marlene@gmail.com,SQDW2410306T3,2019-07-30 14:33:54,2019-07-30 14:33:54
256,Officia ullam quo. Voluptas fugit quas. Voluptatibus e.,"3349641","3125210541",lino_rohan@yahoo.com,JEGV9903301U6,2019-07-30 14:33:54,2019-07-30 14:33:54
257,Officia atque reiciendis. Facilis assumenda corrupti. .,"3695252","3124948753",karena@yahoo.com,EGTV4304309S3,2019-07-30 14:33:54,2019-07-30 14:33:54
258,Autem voluptatem laborum. Alias dicta ipsum. In iure s.,"3168795","3128513423",vickey@gmail.com,HOWV300924492,2019-07-30 14:33:54,2019-07-30 14:33:54
259,Veritatis ut accusamus. Ullam ratione reprehenderit. M.,"3644059","3129373125",lane.hettinger@gmail.com,IROQ870230L87,2019-07-30 14:33:54,2019-07-30 14:33:54
260,Porro numquam dolore. Sit nam omnis. Atque quidem dolo.,"3185621","3123689485",mauro@yahoo.com,KYFE9305318R8,2019-07-30 14:33:54,2019-07-30 14:33:54
261,tV571ab0pK,"3996415","3125387206",yoko@hotmail.com,EQGY330230D88,2019-07-30 14:33:54,2019-07-30 14:33:54
262,H14K8xDof3,"3877486","3126877763",robbie.ritchie@hotmail.com,OEXD221231JRC,2019-07-30 14:33:54,2019-07-30 14:33:54
263,o0JxpI8864,"3378373","3128996150",ernestina_marks@yahoo.com,NQPR360609Z26,2019-07-30 14:33:54,2019-07-30 14:33:54
264,h308otH65T,"3760678","3125706326",noelle@hotmail.com,SALP151030702,2019-07-30 14:33:54,2019-07-30 14:33:54
265,e5n8nR01WP,"3994327","3128361955",irving.morar@yahoo.com,HKDO8205306ZX,2019-07-30 14:33:54,2019-07-30 14:33:54
266,rKXC26uGXK,"3762933","3121078209",carly@gmail.com,BDUF100431TCY,2019-07-30 14:33:54,2019-07-30 14:33:54
267,"8lpsrd156W","3454249","3128154823",efrain.bergnaum@gmail.com,CPJQ351130083,2019-07-30 14:33:54,2019-07-30 14:33:54
268,"7eW46s020d","3290840","3128643245",iac@hotmail.com,SSXG830931Y92,2019-07-30 14:33:54,2019-07-30 14:33:54
269,"37hn31t1J9","3867832","3125475629",daysi_champlin@hotmail.com,ZOVR770730TY4,2019-07-30 14:33:54,2019-07-30 14:33:54
270,In0h7mA9mV,"3123515","3129003387",argelia@hotmail.com,KDKB66113180M,2019-07-30 14:33:54,2019-07-30 14:33:54
271,Roy Cartwright,iBjkggjQTa,"3124159936",roy_cartwright@gmail.com,XEME410614K30,2019-07-30 14:33:54,2019-07-30 14:33:54
272,Neoma Nitzsche,DbxEzTGcju,"3128379174",neoma.nitzsche@yahoo.com,DMDI1310305V8,2019-07-30 14:33:54,2019-07-30 14:33:54
273,Dawne Wilderman,SFEztydiyG,"3129692454",wilderman_dawne@gmail.com,REJY041017D6L,2019-07-30 14:33:54,2019-07-30 14:33:54
274,Maynard Waelchi,kpRSGGnXHf,"3126304661",waelchi.maynard@hotmail.com,KXDR801030M96,2019-07-30 14:33:54,2019-07-30 14:33:54
275,Jackie Mueller,OlWyvLtAiO,"3128517087",jackie_mueller@yahoo.com,UOHH241131669,2019-07-30 14:33:54,2019-07-30 14:33:54
276,Glady Champlin,hkHbskZQsL,"3122781343",glady_champlin@gmail.com,LHRU850626ZS3,2019-07-30 14:33:54,2019-07-30 14:33:54
277,Ms. Josephina Bergnaum,HmFNxqEzHy,"3122789118",josephina_ms_bergnaum@hotmail.com,IFIG451209UOD,2019-07-30 14:33:54,2019-07-30 14:33:54
278,Cristi Kutch,PJWEjsMeux,"3124528516",cristi_kutch@hotmail.com,NHOL440310GLJ,2019-07-30 14:33:54,2019-07-30 14:33:54
279,Krista Effertz II,jpFKjbhxUq,"3124900771",effertz_krista_ii@yahoo.com,IWMD331231371,2019-07-30 14:33:54,2019-07-30 14:33:54
280,Mario Treutel DDS,ZKHGJZBDxs,"3126369127",treutel_mario_dds@hotmail.com,PBIM50043049O,2019-07-30 14:33:54,2019-07-30 14:33:54
281,Miss Conception Smith,"3430390","3129520748",toby@dooley@sporerwilderman.com,DGXA111230NSH,2019-07-30 14:33:54,2019-07-30 14:33:54
282,Vincenzo Gusikowski,"3464437","3127637353",latasha@larson@mrs@cronin.name,QZNX821131SW7,2019-07-30 14:33:54,2019-07-30 14:33:54
283,Dr. Hyman Barton,"3448896","3123479225",md@leta@effertz@goldner.com,XDVV3511267TI,2019-07-30 14:33:54,2019-07-30 14:33:54
284,Riva Bernhard III,"3678282","3126497719",marks@china@wisokykoch.name,IVKY730617Y5S,2019-07-30 14:33:54,2019-07-30 14:33:54
285,Earle Osinski,"3654041","3122590233",gonzalo@west@sanford.co,LONF721130066,2019-07-30 14:33:54,2019-07-30 14:33:54
286,Tierra Jast,"3767270","3126379322",kuvalis@asa@kogibson.io,LAIL210830683,2019-07-30 14:33:54,2019-07-30 14:33:54
287,Donovan Stracke,"3975190","3125965708",mertz@celia@oconnell.info,POMS850430O4S,2019-07-30 14:33:54,2019-07-30 14:33:54
288,Otis Wisozk Sr.,"3669123","3121777793",stanton@maud@ferry.io,MGYX3212192BU,2019-07-30 14:33:54,2019-07-30 14:33:54
289,Ann Williamson,"3681546","3124737379",homenick@su@johns.net,EPZF210831B4Z,2019-07-30 14:33:54,2019-07-30 14:33:54
290,Camille Bode,"3351524","3122530395",elidia@mitchell@framigrady.io,MEIK051130MR9,2019-07-30 14:33:54,2019-07-30 14:33:54
291,Reynaldo Ledner,"3562189","3123481592",reynaldo.ledner@hotmail.com,qMgQelbjzsCuI,2019-07-30 14:33:54,2019-07-30 14:33:54
292,Elene Lakin,"3419742","3122579644",elene_lakin@hotmail.com,bzEmFFUvuptuH,2019-07-30 14:33:54,2019-07-30 14:33:54
293,Cynthia Veum,"3116226","3127159335",veum.cynthia@gmail.com,OJYddCGjPwBTb,2019-07-30 14:33:54,2019-07-30 14:33:54
294,Ms. Nathanial Mertz,"3344352","3126569678",mertz.ms.nathanial@hotmail.com,HHDvXQbXJBgGe,2019-07-30 14:33:54,2019-07-30 14:33:54
295,Shalonda Schroeder,"3488029","3125648330",schroeder_shalonda@gmail.com,lOSXSyRTlpBMt,2019-07-30 14:33:54,2019-07-30 14:33:54
296,Fermin Fahey,"3942140","3129763935",fahey_fermin@yahoo.com,BXTyPjdQiQHeD,2019-07-30 14:33:54,2019-07-30 14:33:54
297,Ghislaine Collier,"3396537","3122022532",collier.ghislaine@gmail.com,MxsDlsCEXLxCO,2019-07-30 14:33:54,2019-07-30 14:33:54
298,Bree Nitzsche MD,"3465855","3129346952",nitzsche.md.bree@hotmail.com,ethJjTlRPZzrt,2019-07-30 14:33:54,2019-07-30 14:33:54
299,Ranee Frami,"3268944","3126641776",frami.ranee@hotmail.com,ktMoLkfeFKzXj,2019-07-30 14:33:54,2019-07-30 14:33:54
300,Ed Lynch,"3293815","3127226362",ed.lynch@hotmail.com,XeQbYWSsBVtrp,2019-07-30 14:33:54,2019-07-30 14:33:54
